Encor Solar,Solar,1688667939439x992133881647595500
Royalty Solar,Solar,1688239505075x649125079743201300
Ambia Solar,Solar,1688164918408x816096066664661000
Faraday Energy,Solar,1688072365252x897749678514765800
Evergreen Roofing,Solar,1687895544542x344657493486993400
Ascend,Solar,1687303263034x167682548929921020
Enerflo (Prod),Integration Partner,1686672699339x962241681789026300
On Point Solar,Solar,1686260336321x622251703113089000
GR8FL,Solar,1686247918677x909285311431311400
GoodLeap,Lender,1686191215370x392583586996551700
Solfinity,Solar,1686162695891x180705341650501630
LA Solar Group,Solar,1685988409940x936053234163515400
LA Solar Solutions,Solar,1684970386471x800545621334294500
EnergyPal,Solar,1684881454514x649937849821954000
Limitless,Solar,1684857525351x220128722343165950
SolarGoingUp,Solar,1684340351532x831881378435170300
Titan - Spanish Division,Solar,1684338430689x867727428016930800
Glyde,Solar,1684280534071x136276904963735550
Wichita Roofing and Solar,Solar,1684263439964x224162550946201600
Vivint,Solar,1683933222271x369375294427496450
TEST SOLARCO PROD,Solar,1683824055457x886928133173018600
Amerigreen Solar,Solar,1683754353905x680882095398322200
Simple Solar,Solar,1683385674323x413302918043926500
Solar Sally,Solar,1683322368810x442391155612581900
Happy Solar,Solar,1683314845044x712464215113728000
Maxwell Energy,Solar,1683233533998x926559012685086700
Caliber,Solar,1683160214684x112117766706167800
Perfect Home Solutions,Solar,1683148596063x558702596254335000
DEMO EPC,Solar,1683135031762x397568950209871900
51_Bryton Power LLC,Solar,1683130763269x856166056041357000
Fake Solar Company,Solar,1683075661823x146075756168478720
SMS Energy,Solar,1683060905116x674386728141717500
KIN Home,Solar,1683057726226x146438226485706750
Best Solar Now,Solar,1683056874559x890779461000626200
Klick Solar,Solar,1683045645065x683177522566529000
US Renewable,Solar,1682996404032x794519372926287900
Mario Gonzalez Construction,Contractor,1682966289664x853642042759184400
Pueblo Home Solutions,Solar,1682962400828x620583085675905000
Smart Sky Solar,Solar,1682707544312x900803140285890600
Premium Solar Patios,Solar,1682702246192x675093682036146200
Solar Bokers US,Solar,1682696910063x192402479455928300
Flux Solar,Solar,1682626591532x447980734271717400
Vantage Point Solar,Solar,1682624497746x338073005135495200
American Solar Advantage,Solar,1682620177066x658899235648569300
Sun Services USA,Solar,1682617659329x746299507189219300
Solar Pros,Solar,1682541713668x974069116096217100
MyPowerSaver,Solar,1682531493270x904029412810031100
Sunny Energy,Solar,1682530740190x845865675865194500
WW Solar,Solar,1682443216511x829605057140883500
Eddie Velez Enterprises LLC,Solar,1682435008455x533780703312871400
Customer Service Solar LLC,Solar,1682366470040x493645451366498300
14_Proposal Test Account Three,Solar,1682006360115x259986671764089730
Core Energy,Solar,1681760167036x602039597017333800
Matrix Exterior Solutions,Contractor,1681416370161x896213562907164700
TruHome,Solar,1679940815528x358541517458243600
Bid List,Integration Partner,1679936606817x502618511722414100
Modern Brokers of America,Solar,1679686055227x751964627507871700
TriSMART,Solar,1679680935249x688912527106244600
The Solar Movement,Solar,1679530576593x795566873003950100
Vantage,Solar,1679505008030x822530802781519900
Solar Blaze,Integration Partner,1678394707885x645150589485056000
Solo,Integration Partner,1678212290493x194329946095353860
Sales Rabbit,Integration Partner,1678139023789x587402277066637300
National Clean Energy,Solar,1676149306255x653262921989619700
Roofix LLC,Contractor,1675311127648x425180987933065200
Elevate Roofing,Contractor,1675110848829x203209658775633900
Titan,Solar,1675106630095x790537875292946400
Project Solar,Solar,1675106550921x941006389870067700
Solgen,Solar,1675106484970x624529450235068400
Complete Solar,Solar,1675106397876x129287642484572160
ION,Solar,1675106308843x828272955031289900
KIN,Solar,1675106160495x346576413074391040
Palmetto,Solar,1675105539807x249195360623263740
A1 Electrics,Solar,1675103900991x458116748657295400
SunRun,Solar,1674745513357x247624909827994100
RDX,Solar,1674688945139x415944171076452350
Zeal,Solar,1674595693141x296677727595397100
Empire Construction and Roofing,Contractor,1674581141024x694134808620826600
Test Roofing,Contractor,1674507122408x999891013316378600
Rise,Solar,1674503868869x623665497134071800
Smart Roofing,Solar,1674138445241x940763446754672600
Loyal,Solar,1672866858654x729454248229339100
Pipe Solar,Integration Partner,1672248172953x848541403126169600
EpicPWR,Solar,1670623441605x991440393717416000
Roofworx,Integration Partner,1670612738195x111754558664867840
Solcius,Solar,1669760599772x997453401630965800
Pure,Solar,1668544910915x817744594648432600
Quativa,Integration Partner,1668539185554x276609515660899870
Freedom Forever,Solar,1668192335140x177713172175388670
Almanac,Solar,1667865265758x534897543819558900
ESP,Solar,1667844296745x516235623952547800
Demo,Solar,1667690893626x882732694968729600
Alder,Solar,1666970044454x932661823280250900
V3,Solar,1666840787740x753360143821045800
TruCost,Solar,1666839973513x340276226394423300
Elite,Solar,1666816787731x928815353220563000
QUICK,Solar,1666709147737x981287507950305300
Lumio Central,Solar,1666565417200x503394046838833150
Lumio East,Solar,1666375028799x332596612424269800
Sunder,Solar,1666294807631x962207993380995100
Aptive,Solar,1666207706479x716363193825361900
LGCY,Solar,1666039317748x589698696859877400
Sunbright,Solar,1666035512138x409746981310169100
Generation Solar,Solar,1665614626470x398795770155761660
Fluent,Solar,1665614268986x974355643885158400
Blue Raven,Solar,1665613316086x177779357767696400
Titanium,Solar,1665599095304x153257980554641400
Lumio West,Solar,1665081039337x127793381322784770
RFX,RFX,1661787725834x348837144812060700